product_uid,product_description
P001,"Natural skincare product with natural ingredients, helps brighten skin and provide moisture."
P002,"Sunscreen SPF 50, protects skin from UV damage, keeping skin healthy."
P003,"Mini vacuum cleaner, easy to use, suitable for offices and small spaces."
P004,"Premium women's perfume, fresh fragrance, helps you feel confident all day."
P005,"Long-lasting lipstick, keeps color bright and durable, suitable for all events."
P006,"Hair care set with natural extracts, helps hair become soft and straight."
P007,"Mini blender, lightweight design, easy to clean, convenient for every family."
P008,"Facial cleanser for sensitive skin, gently cleanses and maintains skin moisture."
P009,"Men's sports shoes, sporty style, helps you move comfortably every day."
P010,"High-quality non-stick pan, easy to cook, saves time for you."
P011,"Nut milk maker, convenient, easy to use, helps you enjoy delicious milk every day."
P012,"LED night light, warm light, helps you have a good night's sleep and relax."
P013,"Wireless Bluetooth headphones, vibrant sound, quick and stable connection."
P014,"Women's sportswear set, fashionable design, comfortable for workouts."
P015,"Anti-dandruff shampoo, helps clean the scalp and effectively prevent dandruff."
P016,"Steam iron, keeps clothes wrinkle-free and maintains shape for a long time."
P017,"Makeup remover, deeply cleanses and gently removes makeup."
P018,"Basic makeup kit, includes all essential products for every girl."
P019,"Facial steamer, helps relax and deeply cleanse the skin."
P020,"Thermal bottle, keeps temperature for a long time, helps you enjoy hot or cold drinks all day."
P021,"Air purifier, helps keep living space clean and fresh."
P022,"Electric toothbrush, cleans teeth more effectively than regular toothbrushes."
P023,"Fashionable women's handbag, luxurious design, easy to match with many outfits."
P024,"Sports water bottle, easy to carry when exercising or traveling."
P025,"Medical mask, protects health, helps you avoid dust and bacteria."
P026,"Women's sandals, comfortable design, suitable for hot summer days."
P027,"Silver bracelet for women, delicate design, suitable as a gift for loved ones."
P028,"Men's round neck t-shirt, made of soft cotton fabric, comfortable all day."
P029,"Portable power bank, high capacity, convenient for quick charging mobile devices."
P030,"Mechanical keyboard, professional design, suitable for gamers."
P031,"LED decorative light, soft light, creates a cozy atmosphere for your home."
P032,"Set of two face masks, helps restore skin after a long tiring day."
P033,"Laptop bag, waterproof design, protects your computer while traveling."
P034,"Coffee grinder, helps you enjoy delicious coffee like in cafes."
P035,"Juicer, helps you easily make fresh juices at home."
P036,"Body lotion, moisturizes skin, helps skin stay soft and smooth."
P037,"Makeup brush set, helps you easily apply makeup professionally."
P038,"Women's wool coat, effectively keeps warm, luxurious design, suitable for winter."
P039,"Tablet, sharp screen, suitable for work and entertainment."
P040,"Handheld massager, helps relax the body and reduce stress after a long day."
P041,"Collection of good books, helps you entertain and enhance knowledge."
P042,"Educational toys for children, helps children develop intelligence and skills."
P043,"Digital camera, takes sharp photos, easy to use and carry."
P044,"Men's boots, strong design, suitable for cold weather."
P045,"Children's clothing set, made of soft cotton, safe for children's skin."
P046,"Helmet, helps protect the head when participating in traffic."
P047,"Indoor slippers, lightweight design, comfortable, suitable for the whole family."
P048,"Tea pot, good heat retention, helps you enjoy hot tea at any time."
P049,"Men's dress shirt, elegant design, suitable for business meetings."
P050,"Warm blanket, good heat retention, helps you have a good sleep in winter."
P051,"Fine porcelain tea set, exquisite design, suitable for afternoon tea."
P052,"Women's lingerie set, soft and comfortable, provides a pleasant feeling all day."
P053,"Men's baseball cap, sporty style, suitable for outdoor activities."
P054,"Storage basket, convenient design, helps you organize your living space neatly."
P055,"Cooking utensils, make cooking easier and more enjoyable."
P056,"Men's sportswear set, modern design, suitable for workouts."
P057,"Razor, helps you have smooth and clean skin."
P058,"Porcelain dinnerware set, suitable for parties or family meals."
P059,"Desk, smart design, helps you work efficiently."
P060,"Women's wristwatch, elegant design, suitable for all occasions."
P061,"Men's perfume, masculine fragrance, strong and attractive."
P062,"Facial skincare product, helps brighten skin and effectively reduce acne."
P063,"Women's sports shoes, comfortable and stylish, suitable for all activities."
P064,"Baby formula, provides complete nutrition for the development of children."
P065,"Summer women's clothing set, lightweight and comfortable for hot weather."
P066,"Women's sleepwear set, soft material, comfortable for sleeping."
P067,"Over-ear headphones, high-quality sound, suitable for music listening."
P068,"Makeup kit for oily skin, helps control oil and create a smooth base."
P069,"Multi-purpose cleaner, convenient for cleaning the house."
P070,"Heater, helps keep living space warm during cold seasons."
P071,"Soft bath towel, helps you relax after each shower."
P072,"Homemade yogurt, helps you enjoy delicious and nutritious yogurt."
P073,"Skincare product set, helps keep skin soft and healthy."
P074,"Sunglasses, protect eyes from bright light and harmful UV rays."
P075,"Rice cooker, helps you cook rice quickly and conveniently."
P076,"Study desk lamp, soft light, helps you study effectively."
P077,"Kitchen utensils set, convenient and easy to use for homemakers."
P078,"Women's loafers, comfortable, easy to wear, suitable for all occasions."
P079,"Body lotion, keeps skin soft and smooth all day."
P080,"Repair tool kit, includes all necessary tools for home repairs."
P081,"Fashion handbag, beautiful design, suitable for dates."
P082,"Building block toy set, helps children develop creativity."
P083,"Humidifier, helps keep the air fresh and comfortable."
P084,"Wooden dining table, modern design, suitable for all families."
P085,"Flat sandals for women, simple design, easy to match with outfits."
P086,"Men's crossbody bag, convenient design, suitable for long trips."
P087,"Nail care kit, helps you have healthy and beautiful nails."
P088,"Women's sports shoes, dynamic design, suitable for workouts."
P089,"Men's clothing set, comfortable design, suitable for all activities."
P090,"Student backpack, convenient design, helps children carry books easily."
P091,"Hair dryer, helps hair dry quickly and maintain softness."
P092,"Men's coat, modern design, suitable for cold days."
P093,"Toy set for girls, helps develop thinking and creativity."
P094,"Wardrobe, modern design, helps you organize belongings neatly."
P095,"Men's watch, fashionable design, suitable for events."
P096,"Water purifier, helps you have clean water for the whole family."
P097,"Indoor plants, create a fresh and lively living space."
P098,"Thermal bottle, keeps drinks hot or cold throughout the day."
P099,"Home decoration tool kit, helps you refresh your living space."
P100,"Premium handkerchief, soft and absorbent, suitable for family use."
